FirstName,LastName,Phone,Address
Sai1,Ramesh1,4800000000,Address 1
Sai2,Ramesh2,4800006000,Address 2
Sai3,Ramesh3,4800020787,Address 3
Sai4,Ramesh4,4800021080,Address 4
Sai5,Ramesh5,4800122626,Address 5
Sai6,Ramesh6,4800200261,Address 6
Sai7,Ramesh7,4800200759,Address 7
Sai8,Ramesh8,4800222975,Address 8
Sai9,Ramesh9,4800229363,Address 9
Sai10,Ramesh10,4800254140,Address 10
Sai11,Ramesh11,4800299262,Address 11
Sai12,Ramesh12,4811334401,Address 12
Sai13,Ramesh13,4800398803,Address 13
Sai14,Ramesh14,4800408615,Address 14
Sai15,Ramesh15,4800419605,Address 15
Sai16,Ramesh16,4800477585,Address 16
Sai17,Ramesh17,4800588604,Address 17
Sai18,Ramesh18,4800610404,Address 18
Sai19,Ramesh19,4800757675,Address 19
